country_name,income_id,gdp_per_capita($),composition_food_organic_waste_percent,composition_glass_percent,composition_metal_percent,composition_other_percent,composition_paper_cardboard_percent,composition_plastic_percent,composition_rubber_leather_percent,composition_wood_percent,composition_yard_garden_green_waste_percent,other_information_information_system_for_solid_waste_management,other_information_national_agency_to_enforce_solid_waste_laws_and_regulations,other_information_national_law_governing_solid_waste_management_in_the_country,other_information_ppp_rules_and_regulations,other_information_summary_of_key_solid_waste_information_made_available_to_the_public,population,special_waste_agricultural_waste_tons_year,special_waste_construction_and_demolition_waste_tons_year,special_waste_e_waste_tons_year,special_waste_hazardous_waste_tons_year,special_waste_industrial_waste_tons_year,special_waste_medical_waste_tons_year,total_msw_total_msw_generated_tons_year,waste_collection_coverage_rural_percent_of_geographic_area,waste_collection_coverage_rural_percent_of_households,waste_collection_coverage_rural_percent_of_population,waste_collection_coverage_rural_percent_of_waste,waste_collection_coverage_total_percent_of_geographic_area,waste_collection_coverage_total_percent_of_households,waste_collection_coverage_total_percent_of_population,waste_collection_coverage_total_percent_of_waste,waste_collection_coverage_urban_percent_of_geographic_area,waste_collection_coverage_urban_percent_of_households,waste_collection_coverage_urban_percent_of_population,waste_collection_coverage_urban_percent_of_waste,waste_treatment_anaerobic_digestion_percent,waste_treatment_compost_percent,waste_treatment_controlled_landfill_percent,waste_treatment_incineration_percent,waste_treatment_landfill_unspecified_percent,waste_treatment_open_dump_percent,waste_treatment_other_percent,waste_treatment_recycling_percent,waste_treatment_sanitary_landfill_landfill_gas_system_percent,waste_treatment_unaccounted_for_percent,waste_treatment_waterways_marine_percent,where_where_is_this_data_measured
Aruba,HIC,"35,563",NA,NA,NA,NA,NA,NA,NA,NA,NA,NA,Yes,Yes,Yes,Yes,103187,NA,NA,NA,NA,NA,NA,88132.0167,NA,NA,NA,NA,NA,NA,NA,NA,NA,NA,NA,NA,NA,NA,NA,NA,NA,NA,NA,11,NA,89,NA,NA
Afghanistan,LIC,"2,057",NA,NA,NA,NA,NA,NA,NA,NA,NA,NA,Yes,Yes,Yes,NA,34656032,6802511,NA,20000,NA,NA,9855,5628525.37,NA,NA,NA,NA,NA,NA,NA,NA,NA,NA,NA,NA,NA,NA,NA,NA,NA,NA,NA,NA,NA,NA,NA,Other
Angola,LMC,"8,037",51.8,6.7,4.4,11.5,11.9,13.5,NA,NA,NA,NA,NA,Yes,Yes,NA,25096150,NA,NA,92000,NA,NA,5495.95,4213643.585,NA,NA,NA,NA,NA,NA,23.1,NA,NA,NA,NA,NA,NA,NA,NA,NA,NA,NA,NA,NA,NA,NA,NA,NA
Albania,UMC,"13,724",51.4,4.5,4.8,15.21,9.9,9.6,NA,4.6,NA,No,Yes,Yes,Yes,No,2854191,NA,203009,20000,5714.82,270269,114.3,1087446.75,NA,NA,NA,NA,NA,NA,60,NA,NA,NA,NA,NA,NA,NA,NA,NA,NA,NA,NA,NA,NA,NA,NA,Some disposal sites
Andorra,HIC,"43,712",31.2,8.2,2.6,11.6,35.1,11.3,NA,NA,NA,NA,Yes,Yes,Yes,NA,82431,NA,NA,NA,1788,NA,NA,43000,NA,NA,NA,NA,NA,NA,100,NA,NA,NA,NA,NA,NA,NA,NA,52.1,NA,NA,NA,NA,NA,47.9,NA,NA
United Arab Emirates,HIC,"67,119",39,4,3,10,25,19,NA,NA,NA,Yes,Yes,NA,Yes,NA,9770529,493106,2876313,134000,57525,3306644,4573,5617682,NA,NA,NA,NA,NA,NA,NA,NA,NA,NA,NA,NA,NA,9,NA,NA,9,62,NA,20,NA,NA,NA,NA
Argentina,HIC,"23,550",38.74,3.16,1.84,15.36,13.96,14.61,1.26,1.09,9.95,Yes,NA,Yes,Yes,NA,42981516,NA,NA,291700,310044,NA,NA,17910550,NA,NA,NA,NA,NA,NA,89.91,NA,NA,NA,94.82,NA,NA,NA,8.9,NA,NA,22.6,NA,6,62.5,NA,NA,Other
Armenia,UMC,"11,020",57,3.2,3.4,17.4,6.7,11.4,0.3,0.6,NA,No,No,Yes,No,NA,2906220,1570,7820,14000,62270,47310540,NA,492800,NA,NA,10,NA,NA,NA,NA,NA,NA,NA,90,NA,NA,NA,NA,NA,NA,100,NA,NA,NA,NA,NA,Other
American Samoa,UMC,"11,113",19.7,3.4,7.9,25.6,26.4,12.8,4.2,NA,NA,NA,Yes,NA,NA,NA,55599,NA,NA,NA,NA,NA,NA,18989.49,NA,NA,NA,NA,NA,NA,100,NA,NA,NA,100,NA,NA,NA,NA,NA,NA,NA,NA,NA,NA,NA,NA,NA
Antigua and Barbuda,HIC,"17,966",46,7,7,12,15,13,NA,NA,NA,No,Yes,Yes,No,No,96777,NA,NA,1100,NA,NA,NA,30585,NA,NA,NA,NA,NA,NA,98.61,NA,NA,NA,NA,NA,NA,0.08,98.68,NA,NA,NA,NA,NA,NA,1.14,0.1,Disposal Site
Australia,HIC,"47,784",48.44,3.81,19.38,3.46,17.3,7.61,NA,NA,NA,Yes,Yes,Yes,Yes,Yes,23789338,NA,20000000,574000,7000000,31000000,NA,13345000,NA,NA,NA,NA,NA,NA,NA,NA,NA,NA,NA,NA,NA,NA,NA,9.77,48.87,NA,NA,42.1,NA,NA,NA,NA
Austria,HIC,"56,030",31.4,7,4.4,18.5,19.7,11.1,NA,7.9,NA,NA,Yes,Yes,No,NA,8877067,1887723,42423893,166174,1272288,NA,696748,5219715.5,NA,NA,NA,NA,NA,NA,NA,97.77,NA,NA,NA,NA,NA,31.24,NA,37.9,2.98,NA,NA,25.66,NA,2.22,NA,NA
Azerbaijan,UMC,"14,854",45.19,5.28,3.49,13.73,10.93,7.87,3.09,NA,10.42,NA,Yes,Yes,No,NA,9649341,NA,NA,63000,296979.4,NA,NA,2930349,NA,NA,NA,NA,NA,NA,56,NA,NA,NA,90,NA,NA,NA,NA,NA,NA,100,NA,NA,NA,NA,NA,Various
Burundi,LIC,840,81,2.9,2.1,3.2,7.3,3.5,NA,NA,NA,NA,NA,NA,NA,NA,6741569,NA,NA,5000,NA,NA,NA,1872016,NA,NA,NA,NA,NA,NA,NA,NA,NA,NA,NA,NA,NA,NA,NA,NA,NA,NA,NA,NA,NA,NA,NA,NA
Belgium,HIC,"51,915",14.18,3.1,1.91,40.14,18.38,13.94,NA,2.37,5.84,NA,Yes,Yes,No,NA,11484055,5635143,35824399,603575,2946195,NA,2397368,4765883,NA,NA,NA,NA,NA,NA,NA,97.74,NA,NA,NA,NA,NA,19.137,NA,43.39,0.91,NA,NA,34.303,NA,2.26,NA,NA
Benin,LIC,"2,227",52.1,1.6,1.6,34.3,3.1,7.3,NA,NA,NA,NA,NA,Yes,Yes,NA,5521763,NA,NA,8200,NA,NA,1698,685936.01,NA,NA,NA,NA,NA,NA,NA,NA,NA,NA,NA,NA,NA,NA,NA,NA,NA,NA,NA,25,NA,75,NA,NA
Burkina Faso,LIC,"1,925",21,1,1,61,7,9,NA,NA,NA,No,No,Yes,Yes,NA,18110624,NA,NA,11000,7871,NA,NA,2575251.11,NA,NA,NA,NA,NA,NA,9.6,34.52,NA,NA,NA,NA,NA,NA,NA,NA,17,59,NA,12,NA,12,NA,NA
Bangladesh,LMC,"3,196",80.58,0.44,0.5,8.59,3.04,4.67,1.08,NA,1.1,No,Yes,Yes,Yes,NA,155727056,65000000,NA,142000,114358,26884,12271,14778497.33,NA,NA,NA,NA,NA,NA,NA,52,NA,NA,60.39,NA,NA,5.25,NA,NA,NA,NA,NA,NA,NA,94.75,NA,Source
Bulgaria,UMC,"22,279",24.35,5.83,1.98,17.93,14.18,12.15,1.96,2.48,19.18,Yes,Yes,Yes,Yes,Yes,7025037,983646,172369117,53785,12206169,NA,518228,2859190,NA,NA,NA,NA,NA,NA,NA,98.3,NA,NA,NA,NA,NA,10.32,NA,2.75,66.22,NA,NA,19.03,NA,1.68,NA,Other
Bahrain,HIC,"47,938",59.1,3.4,2.1,15.2,12.8,7.4,NA,NA,NA,No,Yes,Yes,NA,NA,1425171,NA,570099.67,20000,31000,140000,911000,951942.9695,NA,NA,NA,NA,NA,NA,NA,NA,NA,NA,NA,NA,NA,NA,NA,NA,92,NA,NA,8,NA,NA,NA,Disposal Site
"Bahamas, The",HIC,"35,400",46,7,7,12,15,13,NA,NA,NA,No,Yes,No,No,No,386838,NA,NA,4900,NA,NA,NA,264000,NA,NA,NA,NA,NA,NA,NA,NA,NA,NA,NA,NA,NA,NA,NA,NA,NA,NA,NA,NA,NA,NA,NA,NA
Bosnia and Herzegovina,UMC,"12,671",NA,NA,NA,92.7,4.9,NA,NA,NA,2.4,No,No,No,Yes,Yes,3535961,NA,252310,1409,8408,4048650,8150,1248718,NA,NA,NA,NA,NA,NA,NA,73.99,NA,NA,NA,NA,NA,NA,8.55,NA,NA,41.75,0.025,9.70E-04,24.12,25.55403,NA,Other
Belarus,UMC,"18,308",30,8,2,35,5,12,6,2,NA,Yes,Yes,Yes,Yes,Yes,9489616,NA,NA,72000,1336926,NA,NA,4280000,NA,NA,69.2,NA,NA,NA,93.2,NA,NA,NA,100,NA,NA,NA,76.9,NA,NA,7.1,NA,16,NA,NA,NA,At the disposal sites and at the waste generation source
Belize,UMC,"7,259",47,8,5,5,16,19,NA,NA,NA,Yes,Yes,Yes,NA,NA,359288,NA,NA,2300,NA,NA,188,101378.8303,NA,NA,NA,NA,NA,NA,85.2,NA,NA,NA,NA,NA,NA,NA,NA,NA,NA,66,NA,NA,34,NA,NA,NA
Bermuda,HIC,"80,982",17,9,6,26,29,13,NA,NA,NA,Yes,Yes,Yes,No,NA,64798,NA,NA,NA,525,NA,NA,82000,NA,NA,NA,NA,NA,NA,100,NA,NA,NA,NA,NA,NA,18.3,12.2,67.6,NA,NA,NA,2,NA,NA,NA,NA
Bolivia,LMC,"7,984",55.1969112,2.903474903,2.501930502,22.7027027,6.501930502,10.19305019,NA,NA,NA,Yes,Yes,Yes,No,Yes,10724705,NA,NA,35392,545183,NA,4683,2219052,NA,NA,5.9,NA,NA,NA,57.6,NA,NA,NA,85.4,NA,NA,0.4,0.04,NA,NA,55.52,NA,12.11,31.93,NA,NA,Source
Brazil,UMC,"14,596",51.4,2.4,2.9,16.7,13.1,13.5,NA,NA,NA,Yes,Yes,Yes,Yes,NA,208494896,NA,45158165,1411900,NA,NA,260063,79069584,NA,NA,NA,NA,NA,NA,91.3,90.81,NA,NA,NA,NA,NA,0.2,21.88521,NA,NA,15.61932,NA,1.4,53.30547,7.59,NA,NA
Barbados,HIC,"15,445",18.3,3.7,4.9,5.7,19.7,17.1,12.1,NA,18.6,No,Yes,No,No,No,280601,NA,184957,3800,9410.337,NA,NA,174815.4444,NA,NA,NA,NA,NA,NA,90,NA,NA,NA,NA,NA,NA,NA,90,NA,NA,NA,NA,9,NA,1,NA,Disposal Site
Brunei Darussalam,HIC,"60,866",36,3,4,15,18,16,1,1,6,NA,Yes,Yes,Yes,Yes,423196,NA,NA,7700,NA,NA,195,216253.156,NA,NA,NA,NA,NA,NA,NA,NA,NA,NA,NA,NA,NA,2,NA,NA,NA,NA,NA,NA,70,28,NA,NA
Bhutan,LMC,"6,743",58,4,1,7,17,13,NA,NA,NA,No,Yes,Yes,Yes,Yes,686958,NA,NA,1457.5,NA,1476.37,358,111314.05,NA,NA,NA,NA,NA,NA,NA,NA,NA,NA,NA,95,NA,1.39,98,NA,NA,NA,NA,0.86,NA,NA,NA,Source
Botswana,UMC,"14,126",8.1,NA,0.1,91.9,NA,NA,NA,NA,NA,NA,NA,NA,NA,NA,2014866,NA,NA,16000,NA,NA,2500,210854.4426,NA,7,NA,NA,NA,NA,NA,NA,NA,60,NA,NA,NA,NA,NA,NA,NA,NA,NA,1,NA,99,NA,NA
Central African Republic,LIC,823,NA,NA,NA,NA,NA,NA,NA,NA,NA,NA,NA,Yes,No,NA,4515392,NA,NA,2700,NA,NA,NA,1105983,NA,NA,NA,NA,NA,NA,NA,NA,NA,NA,NA,NA,NA,NA,NA,NA,NA,NA,NA,NA,NA,NA,NA,NA
Canada,HIC,"47,672",24,6,13,8,47,3,NA,NA,NA,Yes,Yes,Yes,Yes,Yes,35544564,181000000,653255,724000,NA,1118000000,NA,25103034,NA,NA,NA,NA,NA,NA,99,NA,NA,NA,NA,NA,NA,4.08,NA,3,72.33,NA,NA,20.59,NA,NA,NA,NA
Switzerland,HIC,"68,394",29,4,3,29,20,15,NA,NA,NA,NA,Yes,Yes,NA,Yes,8574832,NA,6390000,184000,1200000,1470000,NA,6079556,NA,NA,NA,NA,NA,NA,99,NA,NA,NA,NA,NA,NA,21,NA,47,NA,NA,NA,32,NA,NA,NA,NA
Channel Islands,HIC,"46,673",NA,NA,NA,NA,NA,NA,NA,NA,NA,NA,Yes,Yes,NA,NA,164541,NA,NA,NA,NA,NA,NA,178933,NA,NA,NA,NA,NA,NA,NA,NA,NA,NA,NA,NA,NA,15.90982659,39.21806358,16.44190751,NA,NA,NA,28.43020231,NA,NA,NA,NA
Chile,HIC,"20,362",53.3,6.6,2.3,16,12.4,9.4,NA,NA,NA,Yes,No,Yes,Yes,NA,16829442,NA,NA,176000,249755,NA,NA,6517000,NA,NA,NA,NA,NA,NA,NA,95,NA,NA,NA,NA,NA,0.44,85.25,0.14,NA,8.43,0.04,0.37,NA,5.33,NA,Other
China,UMC,"16,092",61.2,2.1,1.1,13.1,9.6,9.8,1.3,1.8,NA,NA,Yes,Yes,Yes,NA,1400050048,4000000000,1500000000,7211000,34652400,3270790000,NA,395081376,NA,NA,20,NA,NA,NA,94,NA,NA,NA,NA,NA,NA,3,NA,29.84,60.16,8.21,NA,NA,NA,NA,NA,At Generator level
Côte d’Ivoire,LMC,"3,661",NA,NA,NA,NA,NA,NA,NA,NA,NA,NA,Yes,Yes,Yes,NA,20401332,NA,NA,22000,NA,NA,NA,4440814.27,NA,NA,NA,NA,NA,NA,NA,NA,NA,NA,NA,NA,NA,NA,NA,NA,NA,NA,NA,3,NA,97,NA,NA
Cameroon,LMC,"3,263",83.4,0.1,0.7,10.4,2.1,3.3,NA,NA,NA,NA,NA,Yes,Yes,NA,21655716,NA,NA,19000,8716.6,NA,NA,3270616.59,NA,NA,NA,NA,NA,NA,61.6,NA,NA,NA,NA,NA,NA,NA,NA,NA,NA,80.3,NA,0.4,19.3,NA,NA,NA
"Congo, Dem. Rep.",LIC,"1,056",NA,NA,NA,NA,NA,NA,NA,NA,NA,NA,NA,Yes,No,NA,78736152,NA,NA,NA,NA,NA,NA,14385226.02,NA,NA,NA,NA,NA,NA,NA,NA,NA,NA,NA,NA,NA,NA,NA,NA,NA,NA,NA,4.9,NA,95.1,NA,NA
"Congo, Rep.",LMC,"4,900",NA,NA,NA,NA,NA,NA,NA,NA,NA,No,No,Yes,No,NA,2648507,NA,NA,NA,NA,NA,NA,451200,NA,NA,NA,NA,NA,NA,NA,NA,NA,NA,NA,NA,NA,NA,NA,NA,NA,NA,NA,26.2,NA,73.8,NA,NA
Colombia,UMC,"12,523",59.58,2.35,1.1,15.74,8.4,12.83,NA,NA,NA,Yes,NA,No,Yes,NA,46406648,NA,NA,252200,270146.3,NA,27704,12150120,NA,24.1,NA,NA,NA,NA,80.6,NA,NA,97.4,NA,NA,NA,NA,NA,NA,NA,4,NA,17.2,89,NA,NA,NA
Comoros,LIC,"2,960",50,2,4,22,7,5,NA,NA,10,NA,NA,Yes,NA,NA,777424,NA,NA,600,NA,NA,NA,91013,NA,NA,NA,NA,NA,NA,NA,NA,NA,NA,NA,NA,NA,NA,NA,NA,NA,NA,NA,NA,NA,NA,NA,NA
Cabo Verde,LMC,"6,354",NA,NA,NA,NA,NA,NA,NA,NA,NA,Yes,Yes,Yes,NA,NA,513979,NA,NA,2400,3548.92,NA,76,132555,NA,NA,NA,NA,NA,NA,70.6,NA,NA,NA,NA,NA,NA,NA,NA,NA,NA,NA,NA,NA,NA,NA,NA,NA
Costa Rica,UMC,"18,169",58,1,2,7,21,11,NA,NA,NA,NA,NA,Yes,No,NA,4757575,NA,800000,35800,NA,NA,NA,1460000,NA,NA,NA,NA,NA,NA,90.4,NA,NA,NA,NA,NA,NA,NA,23.5,NA,NA,9.1,NA,1.26,67.5,NA,NA,NA
Cuba,UMC,"12,985",68.9,4.6,1.6,3,12.3,9.6,NA,NA,NA,No,No,No,Yes,Yes,11303687,NA,NA,NA,565216,NA,NA,2692691.98,NA,NA,0.04,NA,NA,NA,76.9,NA,NA,NA,100,NA,NA,NA,30.68,NA,NA,42.23,NA,9.49,NA,17.6,NA,Other
Curacao,HIC,"27,504",NA,NA,NA,NA,NA,NA,NA,NA,NA,NA,Yes,Yes,NA,NA,153822,NA,NA,NA,NA,NA,NA,24703.8132,NA,NA,NA,NA,NA,NA,NA,NA,NA,NA,NA,NA,NA,NA,NA,NA,NA,NA,NA,2,NA,98,NA,NA
Cayman Islands,HIC,"66,207",10.9,3.5,6.2,11.4,31.1,11,NA,7.3,18.6,NA,Yes,Yes,NA,NA,59172,NA,NA,NA,NA,NA,NA,60000,NA,NA,NA,NA,NA,NA,NA,NA,NA,NA,NA,NA,NA,NA,NA,NA,NA,NA,NA,21,NA,79,NA,NA
Cyprus,HIC,"39,545",41.47,2.66,3.25,10.07,25.7,14.77,NA,2.08,NA,Yes,Yes,Yes,No,Yes,1198575,112018,1377767,18137,173377,NA,21404,769485.125,NA,NA,NA,NA,NA,NA,NA,92.42,NA,NA,NA,NA,NA,4.62,NA,NA,74.49,NA,NA,13.31,NA,7.58,NA,NA
Czech Republic,HIC,"40,836",62.3,2.4,8.4,14.9,9.1,2.2,NA,0.7,NA,NA,Yes,Yes,Yes,NA,10669709,583264,13379041,79581,1162342,NA,797432,5334854.5,NA,NA,NA,NA,NA,NA,NA,100,NA,NA,NA,NA,NA,4.22,NA,17.68,52.59,NA,NA,25.5,NA,0.01,NA,NA
Germany,HIC,"53,785",30,10,1.4,17.7,24,13,4,NA,NA,NA,Yes,Yes,Yes,Yes,83132800,15011037,275413069,2465085,21812660,NA,8821344,50627876,NA,NA,NA,NA,NA,NA,NA,97.55,NA,NA,NA,NA,NA,18.23,NA,31.71,0.21,NA,NA,47.83,NA,2.02,NA,NA
Djibouti,LMC,"6,597",NA,NA,NA,NA,NA,NA,NA,NA,NA,NA,NA,NA,NA,NA,746221,NA,NA,900,NA,NA,NA,114997.249,NA,NA,NA,NA,NA,NA,NA,NA,NA,NA,NA,NA,NA,NA,NA,NA,NA,NA,NA,NA,NA,NA,NA,NA
Dominica,UMC,"11,709",45,8,5,14,12,16,NA,NA,NA,Yes,Yes,Yes,No,NA,72400,NA,NA,NA,627,NA,NA,13176,NA,NA,NA,NA,NA,NA,94,NA,NA,NA,NA,NA,NA,NA,94,NA,NA,NA,NA,NA,NA,6,NA,Disposal site
Denmark,HIC,"57,821",12.78,5.78,6.29,23.86,11.57,1.61,0,7.65,30.46,Yes,Yes,Yes,Yes,Yes,5818553,1087281,11402900,168614,1718394,NA,317413,4910858.5,NA,NA,NA,NA,NA,NA,NA,100,NA,NA,NA,NA,NA,18.99,NA,52.59,1.13,NA,NA,27.27,NA,0.02,NA,NA
Dominican Republic,UMC,"15,328",51,6,3,10,16,10,NA,4,NA,No,Yes,No,No,NA,10528394,NA,NA,57000,NA,NA,NA,4063910,NA,NA,NA,NA,NA,74.9,NA,NA,NA,NA,NA,NA,NA,NA,NA,NA,NA,72.5758314,NA,8.2,0.1,19.1241686,NA,Other
Algeria,UMC,"11,826",54.4,1.2,2.8,0.8,9.8,16.9,12.6,1.5,NA,Yes,Yes,Yes,NA,Yes,40606052,NA,11000000,252000,330000,2547000,30000,12378740,NA,NA,87.5,NA,NA,NA,NA,NA,NA,NA,87.5,NA,NA,1,2,NA,NA,NA,NA,8,89,NA,NA,Disposal Site
Ecuador,UMC,"11,896",58.67,3.01,1.53,13.78,10.25,11.44,0.45,0.86,NA,Yes,Yes,No,Yes,Yes,16144368,NA,NA,73000,193812,NA,11292,5297211.143,NA,63.4,NA,NA,NA,88.4,NA,NA,NA,99.3,NA,NA,NA,NA,NA,NA,NA,22.28,NA,12.9,53.22,11.6,NA,NA
"Egypt, Arab Rep.",LMC,"10,301",56,4,2,15,10,13,NA,NA,NA,Yes,Yes,No,Yes,NA,87813256,30000000,4000000,497000,380000,6000000,28300,21000000,NA,NA,15,NA,NA,NA,NA,NA,NA,NA,57.5,NA,NA,7,NA,NA,7,84,NA,12.5,NA,NA,NA,Disposal Site
Eritrea,LIC,"1,715",NA,NA,NA,NA,NA,NA,NA,NA,NA,NA,NA,NA,NA,NA,4474690,NA,NA,3800,NA,NA,NA,726957.37,NA,NA,NA,NA,NA,NA,NA,NA,NA,NA,NA,NA,NA,NA,NA,NA,NA,NA,NA,NA,NA,NA,NA,NA
Spain,HIC,"40,986",49,8,3,14,15,9,NA,2,NA,No,Yes,Yes,Yes,Yes,47076780,8058640,52155411,1202597,2984518,NA,2990346,22408548,NA,NA,NA,NA,NA,NA,NA,100,NA,NA,NA,NA,NA,16.45,NA,11.62,55.09,NA,NA,16.84,NA,NA,NA,NA
Estonia,HIC,"36,956",36.7,8.3,2.6,15.9,17.5,18.6,NA,0.4,NA,Yes,Yes,Yes,No,Yes,1326590,149633,18094986,34312,10410321,NA,1750157,489511.7188,NA,NA,NA,NA,NA,NA,NA,86.89,NA,NA,NA,NA,NA,3.6,7.4,51.37,NA,NA,NA,24.74,NA,12.89,NA,NA
Ethiopia,LIC,"1,779",87.6,0.8,1.2,4.4,3.8,2.3,NA,NA,NA,NA,Yes,Yes,NA,NA,99873032,NA,NA,49000,NA,NA,NA,6532786.97,NA,NA,NA,NA,NA,NA,NA,50,NA,NA,NA,NA,NA,NA,NA,NA,NA,43,NA,NA,NA,57,NA,NA
Finland,HIC,"48,814",35.88,9.24,1.7,13.13,37.83,1.45,NA,0.73,NA,Yes,Yes,Yes,Yes,Yes,5520314,1079091,84662998,212954,1998693,NA,1006713,3124497.75,NA,NA,NA,NA,NA,NA,NA,100,NA,NA,NA,NA,NA,12.45,NA,47.92,11.5,NA,NA,28.12,NA,0.01,NA,NA
Fiji,UMC,"10,788",33.2,4.1,1.9,3.5,12.5,7.5,0.1,NA,37.2,NA,Yes,Yes,Yes,NA,867086,NA,NA,4600,NA,NA,316.16,189389.594,NA,NA,NA,NA,NA,NA,NA,NA,NA,NA,NA,NA,NA,NA,NA,NA,52,NA,NA,5.45,NA,42.55,NA,Household waste collected
France,HIC,"46,110",32,10,3,26,20,9,NA,NA,NA,NA,Yes,Yes,Yes,NA,67059888,11304163,236301207,2218682,10783405,NA,4867183,36748820,NA,NA,NA,NA,NA,NA,NA,100,NA,NA,NA,NA,NA,17.26,NA,34.7,25.76,NA,NA,22.26,NA,0.02,NA,NA
Faeroe Islands,HIC,"44,403",NA,NA,NA,NA,NA,NA,NA,NA,NA,NA,NA,Yes,No,NA,48842,NA,NA,NA,NA,NA,NA,61000,NA,NA,NA,NA,NA,NA,NA,NA,NA,NA,NA,NA,NA,NA,NA,NA,NA,NA,NA,67,NA,33,NA,NA
"Micronesia, Fed. Sts.",LMC,"3,440",23.83,7.07,16.73,9.32,13.3,26.17,3.58,NA,NA,NA,Yes,Yes,None,NA,104937,NA,NA,200,NA,NA,73.47,26039.57,NA,NA,NA,NA,NA,NA,8,NA,NA,NA,35,NA,NA,NA,NA,NA,NA,NA,NA,NA,NA,NA,NA,NA
Gabon,UMC,"18,515",NA,NA,NA,NA,NA,NA,NA,NA,NA,NA,NA,NA,Yes,NA,1086137,NA,NA,14000,NA,NA,NA,238102.31,NA,NA,3.8,NA,NA,NA,23.6,NA,NA,NA,28.5,NA,NA,NA,NA,NA,NA,NA,NA,NA,NA,NA,NA,NA
United Kingdom,HIC,"46,290",16.7,2.2,3.5,28.2,18.9,20.2,NA,7.6,2.7,Yes,Yes,Yes,No,NA,66460344,10365788,156803699,3584126,5755258,NA,4218205,30771140,NA,NA,NA,NA,NA,NA,NA,97.43,NA,NA,NA,NA,NA,16.23,NA,31.38,22.568,NA,NA,27.25,NA,2.572,NA,NA
Georgia,LMC,"12,605",39,3,5,16,34,3,NA,NA,NA,No,No,Yes,NA,NA,3717100,NA,NA,21000,NA,NA,NA,800000,NA,NA,NA,NA,NA,NA,60,NA,NA,NA,NA,NA,NA,NA,NA,NA,NA,NA,NA,NA,NA,NA,NA,NA
Ghana,LMC,"3,093",67,0,1,25,3,4,NA,NA,NA,NA,Yes,Yes,Yes,NA,21542008,NA,NA,39000,NA,NA,NA,3538274.978,NA,NA,NA,NA,NA,NA,NA,NA,NA,NA,NA,NA,NA,NA,NA,NA,NA,NA,NA,NA,NA,NA,NA,NA
Gibraltar,HIC,"43,712",24.57,4.42,4.37,14.38,33.65,15.86,NA,NA,NA,NA,Yes,Yes,Yes,Yes,33623,NA,30000,201.44,58995.04,NA,NA,16954,NA,NA,NA,NA,NA,NA,NA,NA,NA,NA,NA,NA,NA,NA,NA,NA,NA,NA,NA,NA,NA,NA,NA,NA
Guinea,LIC,"1,623",58,1,1,27,9,4,NA,NA,NA,NA,NA,Yes,Yes,NA,8132552,NA,NA,8000,NA,NA,NA,596911,NA,NA,NA,NA,NA,NA,NA,NA,NA,NA,NA,NA,NA,NA,NA,NA,NA,NA,NA,5,NA,95,NA,NA
"Gambia, The",LIC,"2,181",35,1.9,2.1,51.4,9.7,NA,NA,NA,NA,NA,Yes,Yes,No,NA,1311349,NA,NA,2200,NA,NA,NA,193440.54,NA,NA,NA,NA,NA,NA,NA,NA,NA,NA,NA,NA,NA,NA,NA,NA,NA,NA,NA,NA,NA,NA,NA,NA
Guinea-Bissau,LIC,"1,800",NA,NA,NA,NA,NA,NA,NA,NA,NA,NA,NA,NA,NA,NA,1770526,NA,NA,1000,NA,NA,NA,289514,NA,NA,NA,NA,NA,NA,NA,NA,NA,NA,NA,NA,NA,NA,NA,NA,NA,NA,NA,NA,NA,NA,NA,NA
Equatorial Guinea,UMC,"24,827",NA,NA,NA,NA,NA,NA,NA,NA,NA,NA,NA,NA,NA,NA,1221490,NA,NA,NA,NA,NA,NA,198443.06,NA,NA,NA,NA,NA,NA,NA,NA,NA,NA,NA,NA,NA,NA,NA,NA,NA,NA,NA,NA,NA,NA,NA,NA
Greece,HIC,"30,465",40,3,3,9,29,14,2,NA,NA,No,Yes,Yes,Yes,Yes,10716322,575225,59985396,188460,221041,NA,251623,5615352.5,100,NA,NA,NA,100,NA,NA,NA,100,NA,NA,NA,NA,NA,NA,NA,80,NA,1,19,NA,NA,NA,NA
Grenada,UMC,"13,208",27.1,3.1,2.4,36.5,13.6,16.4,0.9,NA,NA,Yes,Yes,Yes,Yes,NA,105481,NA,NA,800,NA,NA,NA,29536.11394,NA,NA,NA,NA,NA,98.3,NA,NA,NA,NA,NA,NA,NA,0.2,98.3,NA,NA,NA,1.5,NA,NA,NA,NA,Disposal Site
Greenland,HIC,"43,949",42.8,7.1,2,33.4,11.4,2.4,NA,1,NA,NA,NA,Yes,No,NA,56905,NA,NA,NA,730,NA,NA,50000,NA,NA,NA,NA,NA,NA,NA,NA,NA,NA,NA,NA,NA,NA,NA,40,60,NA,NA,NA,NA,NA,NA,NA
Guatemala,UMC,"8,125",37.71449118,4.39183558,NA,18.01847364,16.04670215,17.29080875,NA,NA,6.537688691,NA,NA,No,Yes,NA,16252429,NA,NA,55000,10051,NA,818.6,2756740.971,NA,NA,NA,NA,NA,NA,77.7,NA,NA,NA,NA,NA,NA,NA,9.6,NA,NA,69.8,NA,NA,15.4,5.2,NA,NA
Guam,HIC,"59,075",27.3,4.6,9,8.7,28.5,12.4,3.1,6.4,NA,NA,Yes,Yes,Yes,Yes,159973,NA,NA,NA,NA,NA,NA,141500,NA,NA,100,NA,NA,NA,100,NA,NA,NA,100,NA,NA,NA,NA,NA,NA,NA,NA,17.85,64,18.15,NA,NA
Guyana,UMC,"9,812",50.1,4.7,4.2,12.1,10.7,14.2,1.5,2.5,NA,No,Yes,No,No,No,746556,NA,NA,5000,741.78,NA,NA,179251.5,NA,NA,NA,NA,NA,NA,89,NA,NA,NA,NA,NA,NA,NA,NA,NA,61.37,NA,NA,0.54,NA,38.09,NA,Other
"Hong Kong SAR, China",HIC,"57,216",35,3,2,14,22,21,NA,3,NA,Yes,Yes,Yes,Yes,Yes,7305700,NA,1533000,70000,54812,NA,2268,5679816.465,NA,NA,NA,NA,NA,NA,100,NA,NA,NA,NA,NA,NA,NA,NA,NA,66,NA,NA,34,NA,NA,NA,NA
Honduras,LMC,"5,396",57.9,1.27,2.11,6.62,17.36,14.41,0.33,NA,NA,No,NA,Yes,Yes,NA,9112867,NA,NA,1700,253.14,NA,NA,2162027.696,NA,NA,NA,NA,NA,NA,64.6,NA,NA,NA,NA,NA,NA,NA,59.9,NA,NA,15,NA,NA,11.3,13.8,NA,NA
Croatia,HIC,"28,829",30.9,3.7,2.1,11.5,23.2,22.9,NA,NA,5.7,Yes,Yes,Yes,Yes,NA,4067500,395664,805354,58078,130326,NA,56814,1810037.5,NA,NA,NA,NA,NA,NA,NA,97.76,NA,NA,NA,NA,NA,1.69,NA,NA,79.75,NA,NA,16.32,NA,2.24,NA,NA
Haiti,LIC,"2,953",61.3,1.6,2.5,16.8,4.1,12.7,NA,1,NA,No,No,No,No,No,10847334,NA,NA,6000,NA,NA,NA,2309852.455,NA,0.4,NA,NA,NA,12.4,NA,NA,NA,NA,23.8,NA,NA,NA,9.94,NA,NA,NA,NA,NA,NA,90.06,NA,Source
Hungary,HIC,"32,643",22.5,3.5,1.8,45.9,13.4,13,NA,NA,NA,Yes,Yes,Yes,Yes,Yes,9769949,699238,7605276,50066,596554,NA,489182,3780970.25,NA,NA,NA,NA,NA,NA,NA,99.94,NA,NA,NA,NA,NA,6.22,NA,14.14,53.64,NA,NA,25.94,NA,0.06,NA,NA
Indonesia,LMC,"10,531",53.8,2.5,1.8,12.9,14.9,14,NA,NA,NA,NA,Yes,Yes,Yes,NA,261115456,122000000,NA,1274000,23000000,NA,82125,65200000,NA,NA,NA,NA,NA,NA,45,NA,NA,NA,NA,NA,NA,NA,NA,NA,69,10,14,7,NA,NA,NA,NA
Isle of Man,HIC,"44,204",NA,NA,NA,NA,NA,NA,NA,NA,NA,Yes,Yes,Yes,NA,Yes,80759,NA,122965,NA,NA,48783,NA,50551,NA,NA,NA,NA,NA,NA,NA,96,NA,NA,NA,NA,NA,NA,NA,25,25,NA,NA,50,NA,NA,NA,NA
India,LMC,"6,497",NA,NA,NA,NA,NA,NA,NA,NA,NA,No,Yes,Yes,Yes,Yes,1352617344,NA,27500000,1700000,7467000,NA,180784.5,189750000,NA,NA,NA,NA,NA,NA,NA,NA,NA,NA,NA,78.19,NA,18,NA,NA,NA,77,NA,5,NA,NA,NA,NA
Ireland,HIC,"83,389",16.6,8.5,3.7,25.8,25,12.4,NA,1.9,6.1,NA,Yes,Yes,Yes,Yes,4867316,554285,7898378,212874,482907,NA,776112,2910655,NA,NA,NA,NA,NA,NA,NA,92.04,NA,NA,NA,NA,NA,6,41,17,NA,NA,2,33,NA,1,NA,NA
"Iran, Islamic Rep.",UMC,"14,536",72.9,1.9,2.3,5,7.3,8.5,1.1,1.3,NA,No,Yes,Yes,Yes,No,80277424,16049000,80000000,630000,8000000,30000000,1609650,17885000,NA,NA,100,NA,NA,NA,100,NA,NA,NA,100,NA,0.3,12,10,0.4,NA,72,NA,5,NA,0.3,NA,Source
Iraq,UMC,"10,311",68.7,2.3,0.98,6,9.6,5.29,5.09,0.85,0.93,No,No,No,NA,NA,36115648,NA,NA,221000,20622,NA,NA,13140000,NA,NA,NA,NA,NA,NA,76,NA,NA,NA,NA,NA,NA,NA,NA,NA,NA,100,NA,NA,NA,NA,NA,Source
Iceland,HIC,"55,274",10,NA,NA,NA,38,9,NA,29,14,NA,Yes,Yes,No,Yes,343400,5000,1000,7600,7000,10000,NA,225270.4063,NA,NA,NA,NA,NA,NA,100,NA,NA,NA,NA,NA,NA,2.86,NA,1.9,30.29,NA,9.14,55.81,NA,NA,NA,NA
Israel,HIC,"37,688",34,3,3,16,24,18,NA,NA,2,NA,Yes,Yes,NA,Yes,8380100,NA,7000000,120000,321000,NA,NA,5400000,NA,NA,NA,NA,NA,NA,NA,NA,NA,NA,NA,NA,NA,NA,NA,NA,75,NA,NA,25,NA,NA,NA,NA
Italy,HIC,"42,420",34.4,7.6,4.3,15.4,22.8,11.6,NA,3.8,NA,Yes,Yes,Yes,No,NA,60297396,6921585,61938678,2800026,8923548,NA,16071024,30088400,NA,NA,NA,NA,NA,NA,NA,88.92,NA,NA,NA,NA,NA,17.6,NA,19,26.48,NA,NA,25.9,NA,11.02,NA,NA
Jamaica,UMC,"9,551",62.22,2.81,2.38,5.13,14.73,12.2,NA,0.53,NA,Yes,Yes,Yes,Yes,Yes,2881355,NA,NA,17000,10000,NA,206.58,1051694.575,NA,28,NA,NA,NA,63.99,76,NA,NA,67,NA,NA,NA,NA,64,NA,NA,NA,29,NA,NA,7,NA,Source
Jordan,UMC,"10,413",50,2,1.5,15.5,15,16,NA,NA,NA,NA,No,Yes,Yes,NA,8413464,4000000,NA,43000,1230441,45000,4000,2529997,NA,NA,70,NA,NA,NA,NA,NA,NA,NA,90,NA,NA,NA,NA,NA,48,45,NA,7,NA,NA,NA,Disposal Site
Japan,HIC,"41,310",36,5,4,6,33,11,1,4,NA,Yes,No,Yes,Yes,NA,126529104,35109000,72690000,518978,3600000,392840000,320000,42720000,NA,NA,NA,NA,NA,NA,99.9,NA,NA,NA,NA,NA,0.1,0.4,1.1,80.2,NA,NA,13.3,4.9,NA,NA,NA,Source
Kazakhstan,UMC,"22,703",30,5,3,7,25,25,NA,2.5,NA,No,Yes,Yes,Yes,No,16791424,NA,NA,147000,NA,NA,NA,4659740,NA,NA,25,NA,NA,NA,77,NA,NA,NA,NA,NA,NA,NA,NA,NA,NA,60.1,NA,2.92,NA,36.98,NA,Disposal site
Kenya,LMC,"3,330",57,3,1,9,11.3,18.7,NA,NA,NA,NA,NA,Yes,NA,NA,41350152,NA,NA,17350,NA,NA,909182,5595099,NA,NA,NA,NA,NA,NA,40,40,NA,NA,NA,NA,NA,NA,NA,NA,NA,NA,NA,8,NA,92,NA,NA
Kyrgyz Republic,LMC,"4,805",NA,NA,NA,NA,NA,NA,NA,NA,NA,No,Yes,Yes,Yes,NA,5956900,17900,3600,7200,4771346,NA,NA,1113300,NA,NA,NA,NA,NA,NA,NA,NA,NA,NA,NA,NA,NA,NA,NA,NA,NA,100,NA,NA,NA,NA,NA,Disposal Site
Cambodia,LMC,"3,364",66.6,2.6,2,10.4,4,8.6,NA,5.8,NA,No,Yes,Yes,Yes,NA,15270790,NA,NA,14000,NA,NA,147.09,1089000,NA,NA,NA,NA,NA,NA,NA,NA,NA,NA,50,NA,NA,NA,NA,NA,NA,NA,17.5,NA,NA,82.5,NA,NA
Kiribati,LMC,"2,250",43.6,5.5,10,9.3,10.9,16.5,4.2,NA,NA,NA,Yes,Yes,No,NA,114395,NA,NA,100,NA,766.5,16.22,35723.8275,NA,NA,NA,NA,NA,NA,54,NA,NA,NA,100,NA,NA,NA,NA,NA,NA,NA,NA,NA,NA,NA,NA,NA
St. Kitts and Nevis,HIC,"25,569",27.2,8.1,8.8,12.2,20.5,23.2,NA,NA,NA,Yes,Yes,Yes,No,Yes,54288,NA,NA,700,NA,NA,NA,32892.14,NA,NA,NA,NA,NA,NA,95,NA,NA,NA,NA,NA,NA,NA,100,NA,NA,NA,NA,NA,NA,NA,NA,Disposal site
"Korea, Rep.",HIC,"42,105",30,2.5,2.6,NA,41,24.3,NA,NA,NA,Yes,Yes,Yes,Yes,NA,51606632,NA,68119600,570635,NA,39810000,NA,20452776,NA,NA,NA,NA,NA,NA,99.92,99.9,NA,NA,NA,NA,NA,1,NA,25,16,NA,NA,58,NA,NA,NA,NA
Kuwait,HIC,"58,810",45,4,2,8,20,20,NA,1,1,No,Yes,Yes,NA,NA,2998083,NA,1149000,67000,203000,7000,33000,1750000,NA,NA,NA,NA,NA,NA,100,NA,NA,NA,NA,NA,NA,NA,NA,NA,NA,100,NA,NA,NA,NA,NA,Disposal Site
Lao PDR,LMC,"6,544",16.9,9.3,3.7,20.3,2.8,6.1,1.1,38.2,1.2,None,Yes,Yes,Yes,NA,6663967,NA,NA,7500,5200,49500,1200,351900,NA,NA,NA,35,NA,NA,NA,55,NA,NA,NA,60,NA,NA,30,NA,NA,60,NA,10,NA,NA,NA,At disposal site
Lebanon,UMC,"16,967",52.5,3.5,5.5,11,16,11.5,NA,NA,NA,No,Yes,No,No,No,5603279,NA,NA,51000,46000,NA,5568,2040000,NA,NA,99,NA,NA,NA,NA,NA,NA,NA,100,NA,NA,15,48,NA,NA,29,NA,8,NA,NA,NA,Source
Liberia,LIC,"1,333",NA,NA,NA,NA,NA,NA,NA,NA,NA,NA,Yes,Yes,Yes,NA,3512932,NA,NA,NA,NA,NA,NA,564466.7,NA,NA,NA,NA,NA,NA,NA,NA,NA,NA,NA,NA,NA,NA,NA,NA,NA,NA,NA,NA,NA,NA,NA,NA
Libya,UMC,"8,480",70.1,3.1,4.3,3.8,5.5,7.5,NA,2.5,NA,No,Yes,No,NA,NA,6193501,NA,3641150,70000,NA,NA,NA,2147596.472,NA,NA,NA,NA,NA,NA,NA,NA,NA,NA,NA,NA,NA,NA,NA,NA,NA,NA,NA,NA,NA,NA,NA,NA
St. Lucia,UMC,"14,030",45,7,5,11,10,22,NA,NA,NA,Yes,Yes,Yes,Yes,Yes,177206,NA,NA,1600,2732,NA,49.63,77616.228,NA,NA,NA,NA,NA,96.8,100,NA,NA,NA,NA,NA,NA,0.1,96.8,NA,NA,NA,2.6,NA,NA,0.5,NA,Disposal site
Liechtenstein,HIC,"45,727",37.6,5,12.5,9.1,30.3,5.4,NA,NA,NA,NA,Yes,Yes,No,NA,36545,2612,513728,293,1204,NA,127,32382,NA,NA,NA,NA,NA,NA,100,NA,NA,NA,NA,NA,NA,NA,NA,NA,NA,NA,NA,64.6,NA,35.4,NA,NA
Sri Lanka,LMC,"12,287",62,2,3,13,7,7,NA,6,NA,Yes,Yes,Yes,No,Yes,21203000,NA,65700,72.5,NA,53000,9855,2631650,NA,NA,NA,NA,NA,NA,NA,NA,NA,NA,NA,NA,NA,5,NA,NA,NA,85,NA,12.79,NA,NA,NA,Databases
Lesotho,LMC,"1,979",NA,NA,NA,NA,NA,NA,NA,NA,NA,NA,NA,NA,NA,NA,1965662,NA,NA,1800,NA,NA,NA,73457,NA,0.97,NA,NA,NA,4.22,20,NA,NA,11.76,NA,NA,NA,NA,NA,NA,NA,NA,NA,NA,NA,NA,NA,NA
Lithuania,HIC,"37,278",40.4,8.65,2.75,44.05,10.05,10.15,NA,0.6,NA,No,Yes,Yes,Yes,NA,2786844,551038,3011590,82691,165477,NA,70124,1315390.375,NA,NA,90,NA,NA,NA,NA,98.69,NA,NA,96,NA,NA,10.15,NA,11.54,54,NA,NA,22.92,NA,1.39,NA,NA
Luxembourg,HIC,"114,323",30,4,2,27,19,18,NA,NA,NA,Yes,Yes,Yes,No,NA,619896,95427,6272673,7398,237180,NA,47825,490337.75,NA,NA,NA,NA,NA,NA,NA,100,NA,NA,NA,NA,NA,19.66,NA,33.99,17.7,NA,NA,28.37,NA,0.28,NA,NA
Latvia,HIC,"30,982",46.7,21.4,2.6,9.7,6.1,7.7,3.6,2.4,NA,NA,Yes,Yes,Yes,Yes,1912789,105480,671423,25071,104142,NA,65624,839714.375,NA,NA,NA,NA,NA,NA,NA,84.36,NA,NA,NA,NA,NA,5.48,NA,NA,57.64,NA,NA,21.23,NA,15.65,NA,NA
"Macao SAR, China",HIC,"117,336",3.1,3.3,1.7,3.1,58.7,7.9,NA,22.3,NA,Yes,Yes,Yes,Yes,Yes,612167,NA,52000,11000,3118,NA,11493,377942,NA,NA,NA,NA,NA,NA,100,NA,NA,NA,NA,NA,NA,NA,NA,NA,NA,NA,NA,20,NA,80,NA,NA
St. Martin (French part),HIC,"30,386",NA,NA,NA,NA,NA,NA,NA,NA,NA,NA,NA,Yes,Yes,Yes,30959,NA,NA,NA,NA,NA,NA,15479.5,NA,NA,NA,NA,NA,NA,NA,NA,NA,NA,NA,NA,NA,NA,NA,NA,NA,NA,NA,NA,NA,NA,NA,NA
Morocco,LMC,"6,915",60,2,2.5,6,9,8,NA,NA,NA,No,No,Yes,Yes,Yes,34318080,NA,7000000,30300,289385,1599710.62,21000,6852000,NA,NA,NA,NA,NA,NA,NA,NA,NA,NA,85,NA,NA,1,NA,NA,NA,52,2,8,37,NA,NA,Disposal site
Monaco,HIC,"43,712",NA,3,2.2,NA,2.2,1,NA,NA,NA,Yes,Yes,Yes,Yes,Yes,37783,NA,NA,NA,312.07,NA,NA,46000,NA,NA,NA,NA,NA,NA,100,NA,NA,NA,NA,NA,NA,NA,NA,85,NA,NA,NA,5.4,NA,9.6,NA,NA
Moldova,LMC,"10,361",55,4,3,23,5,10,NA,NA,NA,No,Yes,Yes,Yes,Yes,3554108,NA,1400000,6300,418,2841700,15700,3981200,NA,NA,NA,NA,NA,NA,NA,NA,NA,NA,NA,NA,NA,NA,NA,NA,NA,35.08,NA,15.32,NA,49.6,NA,Other
Madagascar,LIC,"1,566",NA,NA,NA,NA,NA,NA,NA,NA,NA,NA,NA,Yes,Yes,NA,24894552,NA,NA,14000,45957,NA,NA,3768759.16,NA,NA,NA,NA,NA,NA,17.7,NA,NA,NA,NA,NA,NA,3.5,NA,NA,NA,96.7,NA,NA,NA,NA,NA,NA
Maldives,UMC,"17,285",24,NA,1,1,6,3,NA,NA,65,No,Yes,Yes,No,Yes,409163,NA,6161.2,3003.95,15105.525,NA,1737.4,211505.78,NA,NA,NA,NA,NA,NA,38.2,NA,NA,NA,NA,NA,NA,7,NA,6,NA,NA,24,NA,NA,NA,63,Ministry forecast
Mexico,UMC,"19,332",52.4,5.9,3.4,12.1,13.8,10.9,NA,NA,NA,Yes,NA,Yes,Yes,NA,125890952,NA,6000000,957900,18172.49,NA,978.06,53100000,NA,NA,NA,NA,NA,NA,NA,93.4,NA,NA,NA,NA,NA,NA,NA,NA,NA,21,NA,5,74.5,NA,NA,NA
Marshall Islands,UMC,"3,629",8,2,6,31,11,13,NA,NA,29,NA,Yes,Yes,None,NA,52793,NA,NA,NA,NA,NA,43.16,8614,NA,NA,NA,NA,NA,NA,49,NA,NA,NA,66,NA,NA,6,NA,NA,NA,NA,NA,30.8,NA,63.2,NA,NA
"Macedonia, FYR",UMC,"16,148",29.3,4.1,2.5,19.8,12.8,13.9,0.9,0.7,16,Yes,Yes,Yes,Yes,NA,2082958,91933,121551,1220,40797,NA,951293,626970.375,NA,NA,NA,NA,NA,NA,73,76.61,NA,NA,NA,NA,NA,0.1,NA,NA,99.72,NA,NA,0.18,NA,NA,NA,Disposal Site
Mali,LIC,"2,008",17.5,1,3.5,72.5,3.5,2,NA,NA,NA,NA,NA,NA,Yes,NA,16006670,NA,NA,12000,NA,NA,NA,1937354.44,NA,NA,NA,NA,NA,NA,NA,NA,NA,NA,NA,NA,NA,NA,NA,NA,NA,NA,NA,NA,NA,NA,NA,NA
Malta,HIC,"43,708",52,6,4,9.5,18,12,NA,NA,NA,Yes,Yes,Yes,Yes,NA,502653,16607,1258426,7643,36523,106235,23418,348841.1875,NA,NA,NA,NA,NA,NA,NA,96.65,NA,NA,NA,NA,NA,NA,NA,0.37,NA,NA,NA,6.69,89.59,3.35,NA,NA
Myanmar,LMC,"1,094",NA,NA,NA,NA,NA,NA,NA,NA,NA,NA,Yes,Yes,Yes,NA,46095464,NA,NA,55000,NA,54750,648.2,4677306.529,NA,NA,NA,NA,NA,NA,60,NA,NA,NA,NA,NA,NA,NA,NA,NA,NA,NA,8,NA,NA,92,NA,Household
Montenegro,UMC,"20,753",33.82,8.97,2.9,19.46,13.72,18.42,NA,2.7,NA,Yes,Yes,Yes,No,NA,622227,NA,92228,6200,3819.21,453791.52,2331.4,329780.3125,NA,NA,NA,NA,NA,NA,75.9,96.99,NA,NA,NA,NA,NA,NA,NA,NA,NA,91.57,NA,5.42,NA,3.01,NA,NA
Mongolia,LMC,"10,940",22.7,NA,NA,50.1,12.7,14.5,NA,NA,NA,NA,NA,Yes,Yes,NA,3027398,NA,126300,14000,NA,81400,967.25,2900000,NA,NA,NA,40,NA,NA,NA,NA,NA,NA,NA,70,NA,NA,NA,NA,NA,93.5,NA,NA,NA,6.5,NA,NA
Northern Mariana Islands,HIC,"60,956",43.6,5.5,10,9.3,10.9,16.5,4.2,NA,NA,NA,Yes,Yes,NA,Yes,54036,NA,NA,NA,NA,NA,NA,32761.4145,NA,NA,NA,NA,NA,NA,NA,NA,NA,NA,NA,NA,NA,NA,NA,NA,NA,NA,NA,36,NA,64,NA,NA
Mozambique,LIC,"1,217",60,NA,NA,15,25,NA,NA,NA,NA,NA,Yes,Yes,NA,NA,27212382,NA,NA,17000,NA,NA,NA,2500000,NA,NA,NA,NA,NA,NA,NA,52.5,NA,NA,NA,NA,NA,NA,NA,NA,NA,99,NA,1,NA,NA,NA,NA
Mauritania,LMC,"4,784",4.8,4,4.2,59.7,7.3,20,NA,NA,NA,NA,NA,Yes,No,NA,3506288,NA,NA,5100,NA,NA,NA,454000,NA,NA,5,NA,NA,NA,NA,NA,NA,NA,30,NA,NA,NA,37.3,NA,NA,54.7,NA,8,NA,NA,NA,NA
Mauritius,UMC,"20,647",64,2.8,NA,8,13,12.4,NA,NA,NA,NA,NA,Yes,Yes,NA,1263473,NA,NA,11000,17000,NA,NA,438000,NA,NA,NA,NA,NA,NA,98,83.73150685,NA,NA,NA,NA,NA,9,NA,NA,NA,NA,NA,NA,91,NA,NA,NA
Malawi,LIC,999,NA,NA,NA,NA,NA,NA,NA,NA,NA,NA,NA,NA,NA,NA,16577147,NA,NA,9500,NA,NA,NA,1297844.48,NA,NA,NA,NA,NA,NA,NA,NA,NA,NA,NA,NA,NA,NA,NA,NA,NA,NA,NA,NA,NA,NA,NA,NA
Malaysia,UMC,"23,906",46,3,3,9,14,15,3,7,NA,No,Yes,Yes,Yes,Yes,30228016,42000000,NA,280000,2918478,831835,19500,12982685,NA,NA,NA,NA,NA,NA,NA,95,NA,NA,NA,NA,NA,1,NA,NA,71.5,NA,NA,17.5,10,NA,NA,Landfill
Namibia,UMC,"6,153",NA,NA,NA,NA,NA,NA,NA,NA,NA,NA,NA,NA,NA,NA,1559983,NA,NA,14000,NA,NA,NA,256729,NA,NA,NA,NA,NA,NA,NA,NA,NA,NA,NA,NA,NA,NA,NA,NA,NA,NA,NA,4.5,NA,95.5,NA,NA
New Caledonia,HIC,"57,330",43.6,5.5,10,9.3,10.9,16.5,4.2,NA,NA,NA,NA,Yes,NA,NA,278000,NA,NA,NA,NA,NA,324,108157.384,NA,NA,NA,NA,NA,NA,67,NA,NA,NA,100,NA,NA,NA,NA,NA,NA,NA,NA,NA,NA,NA,NA,NA
Niger,LIC,"1,038",38,NA,1,57,2,2,NA,NA,NA,NA,NA,Yes,Yes,NA,8842415,NA,NA,7900,554000,NA,NA,1865645.67,NA,NA,NA,NA,NA,NA,NA,NA,NA,NA,NA,NA,NA,NA,NA,NA,NA,64,12,4,NA,20,NA,NA
Nigeria,LMC,"4,690",NA,3.1,NA,11.3,8,4.8,NA,NA,NA,NA,NA,Yes,Yes,NA,154402176,NA,NA,277000,NA,NA,NA,27614830.07,NA,NA,NA,NA,NA,NA,NA,NA,NA,NA,NA,NA,NA,NA,NA,NA,40,NA,60,NA,NA,NA,NA,NA
Nicaragua,LMC,"4,612",NA,NA,NA,NA,NA,NA,NA,NA,NA,NA,NA,Yes,NA,NA,5737723,NA,NA,10800,2837,NA,NA,1528816.293,NA,NA,NA,NA,NA,NA,92.3,NA,NA,NA,NA,NA,NA,NA,NA,NA,19.6,59.3,21.1,NA,NA,NA,NA,NA
Netherlands,HIC,"56,849",35,5.4,4.3,20.24,21,14,NA,NA,NA,Yes,Yes,Yes,No,NA,17332850,14718640,96206470,534410,4830495,NA,2391871,8805088,NA,NA,NA,NA,NA,NA,NA,100,NA,NA,NA,NA,NA,27.1,NA,47.369,1.412,NA,NA,24.61,NA,NA,NA,NA
Norway,HIC,"64,962",15.49,4.6,6.12,13.15,26.57,2.25,NA,17.21,14.68,Yes,Yes,Yes,Yes,Yes,5347896,399805,3030449,150000,1482000,415000,1054590,4149967.25,NA,NA,NA,NA,NA,NA,99,NA,NA,NA,NA,NA,NA,16.69,NA,52.35,NA,NA,NA,26.16,3.38,1.42,NA,NA
Nepal,LIC,"2,902",52.39,4.36,1.9,7.12,18.21,15.14,0.9,NA,NA,NA,Yes,Yes,Yes,NA,28982772,NA,NA,23000,5051,NA,13408.27,1768977.49,NA,NA,NA,50,NA,NA,NA,62.3,NA,NA,NA,80,NA,2.87,NA,NA,37,NA,NA,NA,NA,60.13,NA,At generator level
Nauru,UMC,"11,167",43.6,5.5,10,9.3,10.9,16.5,4.2,NA,NA,NA,Yes,Yes,No,NA,13049,NA,NA,NA,NA,NA,NA,6191.7505,NA,NA,NA,NA,NA,NA,100,NA,NA,NA,100,NA,NA,NA,NA,NA,NA,NA,NA,NA,NA,NA,NA,NA
New Zealand,HIC,"41,857",28,4,4.5,37,7,8,1,11,NA,Yes,Yes,Yes,Yes,Yes,4692700,132.5342,3000000,95000,NA,1750000,NA,3405000,NA,NA,NA,NA,NA,NA,97,NA,NA,NA,NA,NA,NA,NA,NA,NA,100,NA,NA,NA,NA,NA,NA,NA
Oman,HIC,"30,536",27,6,NA,24,15,21,NA,2,5,No,Yes,Yes,Yes,NA,3960925,NA,735341,59000,1469835,NA,4500,1734885.15,NA,NA,NA,NA,NA,NA,NA,NA,NA,NA,NA,NA,NA,NA,0.01,NA,NA,99.99,NA,NA,NA,NA,NA,NA
Pakistan,LMC,"4,571",30,6,4,20,13,9,2,2,14,No,Yes,No,Yes,NA,193203472,82120000,NA,301000,1538000,NA,292000000,30760000,NA,NA,NA,30,NA,NA,NA,NA,NA,NA,NA,70,NA,2,NA,NA,40,50,NA,8,NA,NA,NA,Waste generated in 8 cities
Panama,HIC,"28,436",46.4,5.8,3.8,5.7,26.3,12,NA,NA,NA,NA,NA,Yes,NA,NA,3969249,NA,NA,3200,NA,NA,3094.7,1472262.215,NA,NA,NA,NA,NA,NA,84.9,NA,NA,NA,NA,NA,NA,NA,16,NA,NA,23.4,18.9,NA,41.7,NA,NA,NA
Peru,UMC,"11,877",50.43,3.05,2.64,21.7,7.44,10.52,1.25,NA,2.97,Yes,Yes,Yes,Yes,Yes,30973354,NA,NA,182000,660180.1793,NA,7176,8356711.13,NA,38.2,NA,NA,NA,NA,82.93,NA,NA,95.3,NA,NA,NA,NA,15.58,NA,NA,56.39,NA,4,24.03,NA,NA,NA
Philippines,LMC,"7,705",52.31,2.34,4.22,21.52,8.7,10.55,0.37,NA,NA,Yes,Yes,Yes,Yes,Yes,103320224,NA,NA,290000,4332222.32,NA,NA,14631922.9,NA,NA,NA,40,NA,NA,NA,NA,NA,NA,NA,70,NA,NA,NA,NA,NA,NA,NA,28,NA,72,NA,NA
Palau,HIC,"18,275",26,5,10,9,15,32,1,NA,2,None,None,Yes,None,Yes,21503,NA,NA,200,NA,NA,10.92,9426.7455,NA,NA,NA,NA,NA,NA,77,NA,NA,NA,100,NA,NA,NA,NA,NA,NA,NA,NA,NA,NA,NA,NA,NA
Papua New Guinea,LMC,"3,912",31,NA,NA,42,16.6,10,NA,NA,NA,None,Yes,Yes,Yes,None,7755785,NA,NA,7000,NA,NA,572,1000000,NA,NA,NA,NA,NA,NA,NA,60,NA,NA,NA,NA,NA,NA,62,NA,NA,NA,37,2,NA,NA,NA,NA
Poland,HIC,"33,222",37.27,10.07,2.17,26.69,11.27,12.13,NA,0.4,NA,NA,Yes,Yes,Yes,NA,37970872,4679634,135184220,224452,1679051,NA,2486818,12758213,NA,NA,NA,NA,NA,NA,NA,100,NA,NA,NA,NA,NA,16.11,NA,13.24,44.26,NA,NA,26.39,NA,NA,NA,NA
Puerto Rico,HIC,"34,311",13.1,2.4,10.4,23.8,19.4,10.4,NA,NA,20.5,NA,Yes,Yes,Yes,Yes,3473181,NA,NA,946.44,4.92,NA,NA,4170953,NA,NA,NA,NA,NA,NA,NA,NA,NA,NA,NA,NA,NA,NA,NA,NA,66.5,NA,NA,14,NA,19.5,NA,NA
Portugal,HIC,"34,962",36.49,6.73,1.85,27.68,13.64,10.72,NA,0.93,1.94,Yes,Yes,Yes,Yes,NA,10269417,183064,2743219,170078,701228,NA,817492,5268211,NA,NA,NA,NA,NA,NA,NA,100,NA,NA,NA,NA,NA,14.12,NA,20.68,48.97,NA,NA,16.23,NA,NA,NA,NA
Paraguay,UMC,"11,810",NA,NA,NA,NA,NA,NA,NA,NA,NA,NA,NA,Yes,NA,NA,6639119,NA,NA,34200,NA,NA,NA,1818501.365,NA,NA,NA,NA,NA,47.2,46.6,NA,NA,NA,NA,NA,NA,NA,40.2,NA,NA,23.4,NA,NA,36.4,NA,NA,NA
West Bank and Gaza,LMC,"5,986",59.1,2.4,2.7,11.5,10.1,14.2,NA,NA,NA,Yes,Yes,Yes,NA,Yes,4046901,440000,NA,NA,62621,131344,4572,1387000,NA,88,NA,NA,NA,NA,91.5,92.2,NA,93,NA,NA,NA,0.5,33,NA,NA,67,NA,0.5,NA,NA,NA,Disposal site
French Polynesia,HIC,"60,956",47,3,3,29,16,2,NA,NA,NA,NA,Yes,No,No,Yes,273528,NA,NA,NA,NA,NA,360,147000,NA,NA,NA,NA,NA,NA,51,NA,NA,NA,100,NA,NA,NA,NA,NA,NA,NA,NA,39,NA,61,NA,NA
Qatar,HIC,"96,262",57,4,9,5,11,14,NA,NA,NA,Yes,Yes,Yes,NA,No,2109568,NA,9706885,29000,105000,64000,450000,1000990.016,NA,NA,100,NA,NA,NA,100,NA,NA,NA,100,NA,NA,NA,NA,4,93,NA,NA,3,NA,NA,NA,NA
Romania,UMC,"29,984",56.26,4.89,2.5,10.68,11.34,12.33,NA,2,NA,Yes,Yes,Yes,Yes,Yes,19356544,1063964,162995232,132268,590300,NA,915888,5419832.5,NA,NA,NA,NA,NA,NA,NA,87.45,NA,NA,NA,NA,NA,7.46,NA,2.37,71.96,NA,NA,5.67,NA,12.54,NA,Disposal site
Russian Federation,UMC,"26,013",28.41,16.82,1.83,19.03,19.7,14.21,NA,NA,NA,Yes,Yes,Yes,Yes,NA,143201680,NA,NA,1392000,110000000,NA,NA,60000000,NA,NA,NA,NA,NA,NA,NA,NA,NA,NA,NA,NA,NA,NA,NA,NA,NA,95,NA,4.5,NA,0.5,NA,NA
Rwanda,LIC,"1,951",NA,NA,NA,NA,NA,NA,NA,NA,NA,NA,NA,NA,NA,NA,11917508,NA,NA,5900,NA,NA,NA,4384969,NA,NA,NA,NA,NA,NA,NA,NA,NA,NA,NA,NA,NA,NA,NA,NA,NA,NA,NA,NA,NA,NA,NA,NA
Saudi Arabia,HIC,"48,921",45.5,4,5,2.5,27,11,NA,5,NA,Yes,Yes,yes,NA,NA,31557144,NA,NA,508000,697000,NA,25207,16125700.58,NA,NA,100,NA,NA,NA,100,NA,NA,NA,100,NA,NA,NA,85,NA,NA,NA,NA,15,NA,NA,NA,Disposal site
Sudan,LMC,"4,192",51.4,3.5,1.7,18.9,11.8,12.7,NA,NA,NA,NA,NA,NA,NA,NA,38647804,NA,NA,51000,NA,NA,NA,2831291,NA,NA,NA,NA,NA,NA,NA,NA,NA,NA,NA,NA,NA,NA,NA,NA,82,NA,18,NA,NA,NA,NA,NA
Senegal,LIC,"3,068",12,2,2,68,5,9,NA,2,NA,No,No,Yes,Yes,NA,15411614,NA,NA,15000,NA,NA,NA,2454059.25,NA,NA,NA,28,NA,NA,21.4,NA,NA,NA,40,NA,NA,NA,5.1,NA,NA,43.8,4.7,NA,NA,46.4,NA,NA
Singapore,HIC,"97,341",10.51,0.93,19.12,32.3,14.86,10.58,1.96,5.5,4.26,Yes,Yes,Yes,Yes,Yes,5703600,NA,1609300,100000,446870,NA,NA,1870000,NA,NA,NA,NA,NA,NA,100,NA,NA,NA,NA,NA,NA,NA,NA,37,2,NA,NA,61,NA,NA,NA,NA
Solomon Islands,LMC,"2,596",42.8,6.65,13.15,3.7,6.45,22.35,4.9,NA,NA,No,Yes,Yes,No,Yes,563513,NA,NA,400,NA,NA,273.34,179971.9644,NA,NA,NA,NA,NA,NA,12,NA,NA,NA,60,NA,NA,NA,NA,NA,NA,NA,NA,NA,NA,19,81,NA
Sierra Leone,LIC,"1,238",NA,NA,NA,NA,NA,NA,NA,NA,NA,NA,NA,NA,NA,NA,5439695,NA,NA,3400,NA,NA,NA,610222.09,NA,NA,NA,NA,NA,NA,NA,NA,NA,NA,NA,NA,NA,NA,NA,NA,NA,NA,NA,NA,NA,NA,NA,NA
El Salvador,LMC,"7,329",65,4,2,7,12,10,NA,NA,NA,NA,Yes,Yes,Yes,NA,6164626,NA,NA,30100,16465,NA,NA,1648996.18,NA,NA,NA,NA,NA,NA,78.8,NA,NA,NA,NA,NA,NA,NA,NA,NA,NA,13.8,7.9,NA,78.2,0.1,NA,NA
San Marino,HIC,"58,806",5.35,5.61,0.9,65.56,13.21,5.6,NA,1.28,2.49,NA,NA,NA,NA,NA,33203,NA,NA,NA,NA,NA,NA,17174.68,NA,NA,NA,NA,NA,NA,NA,NA,NA,NA,NA,NA,NA,NA,NA,NA,NA,NA,NA,45.05,NA,54.95,NA,NA
Somalia,LIC,"1,863",NA,NA,NA,NA,NA,NA,NA,NA,NA,NA,NA,NA,NA,NA,14317996,NA,NA,NA,NA,NA,NA,2326099.17,NA,NA,NA,NA,NA,NA,NA,NA,NA,NA,NA,NA,NA,NA,NA,NA,NA,NA,NA,NA,NA,NA,NA,NA
Serbia,UMC,"18,351",37.62,5.44,1.38,16.72,13.57,12.73,0.4,NA,12.14,Yes,Yes,Yes,Yes,NA,6944975,199453,46707848,14388,13475026,NA,32888,2347401.5,NA,NA,NA,NA,NA,NA,70,74.67,NA,NA,NA,NA,NA,NA,NA,NA,73.91,NA,NA,0.76,NA,25.33,NA,Other
South Sudan,LIC,"1,796",NA,NA,NA,NA,NA,NA,NA,NA,NA,NA,NA,NA,NA,NA,11177490,NA,NA,NA,NA,NA,NA,2680681,NA,NA,NA,NA,NA,NA,NA,NA,NA,NA,NA,NA,NA,NA,NA,NA,NA,NA,NA,NA,NA,NA,NA,NA
São Tomé and Príncipe,LMC,"3,721",NA,NA,NA,NA,NA,NA,NA,NA,NA,NA,NA,NA,NA,NA,191266,NA,NA,200,NA,NA,NA,25586.5,NA,NA,NA,NA,NA,NA,48.4,NA,NA,NA,NA,NA,NA,NA,NA,NA,NA,NA,NA,NA,NA,NA,NA,NA
Suriname,UMC,"16,954",57,3,3,24,NA,11,NA,NA,NA,No,No,No,No,No,526103,NA,NA,5000,NA,NA,1270.2,78619.79915,NA,NA,15,NA,NA,NA,79.5,48.7,NA,NA,70,NA,NA,NA,NA,NA,NA,63,NA,NA,NA,37,NA,NA
Slovak Republic,HIC,"31,966",42,19,2,1,25,11,NA,NA,NA,Yes,Yes,Yes,Yes,NA,5454073,920337,4023409,30911,375688,NA,558605,2296164.75,NA,NA,NA,NA,NA,NA,NA,94.34,NA,NA,NA,NA,NA,7.29,NA,10.71,68.72,NA,NA,7.62,NA,5.66,NA,NA
Slovenia,HIC,"39,038",NA,NA,NA,NA,NA,NA,NA,NA,NA,NA,Yes,Yes,NA,NA,2087946,289773,2071792,26359,155229,NA,227873,1052324.75,NA,NA,NA,NA,NA,NA,NA,93.84,NA,NA,NA,NA,NA,7.67,NA,17.06,22.68,NA,NA,46.44,NA,6.15,NA,NA
Sweden,HIC,"52,609",23.34,9.15,9.2,NA,36.4,6.58,NA,NA,15.33,Yes,Yes,Yes,NA,NA,10285453,2205186,152012352,721671,2568154,NA,1315108,4618168.5,NA,NA,NA,NA,NA,NA,NA,100,NA,NA,NA,NA,NA,15.63,NA,51.2,0.8,NA,NA,32.37,NA,NA,NA,NA
Eswatini,LMC,"8,321",NA,NA,NA,NA,NA,NA,NA,NA,NA,NA,NA,NA,NA,NA,1343098,NA,NA,5700,NA,NA,NA,218199.47,NA,NA,NA,NA,NA,NA,NA,NA,NA,NA,NA,NA,NA,NA,NA,NA,NA,NA,NA,NA,NA,NA,NA,NA
Sint Maarten (Dutch part),HIC,NA,46,7,7,12,15,13,NA,NA,NA,NA,Yes,Yes,NA,Yes,37685,NA,NA,NA,NA,NA,NA,NA,NA,NA,NA,NA,NA,NA,NA,NA,NA,NA,NA,NA,NA,NA,NA,NA,NA,NA,NA,NA,NA,NA,NA,NA
Seychelles,HIC,"23,303",48.5,5.2,4.6,25.8,5.9,9.9,0.2,0.5,NA,NA,Yes,Yes,Yes,yes,88303,NA,NA,1100,NA,NA,NA,48000,NA,NA,NA,NA,NA,NA,NA,NA,NA,NA,NA,NA,NA,NA,NA,NA,NA,NA,NA,NA,NA,NA,NA,NA
Syrian Arab Republic,LIC,"8,587",57,3,4,22,7,7,NA,NA,NA,NA,Yes,Yes,NA,NA,20824892,NA,NA,NA,68000,NA,4600,4500000,NA,NA,75,NA,NA,NA,74,NA,NA,NA,95,NA,NA,1.5,NA,NA,20,80,NA,2.5,NA,NA,NA,Disposal site
Turks and Caicos Islands,HIC,"28,174",21.8,20.5,7.6,2.4,31.5,16.3,NA,NA,NA,NA,NA,Yes,Yes,NA,34900,NA,NA,NA,NA,NA,NA,NA,NA,NA,NA,NA,NA,NA,NA,NA,NA,NA,NA,NA,NA,NA,NA,NA,NA,NA,NA,NA,NA,NA,NA,NA
Chad,LIC,"1,733",70,1,2,18,3,6,NA,NA,NA,NA,NA,NA,NA,NA,11887202,NA,NA,8800,NA,NA,NA,1358850.53,NA,NA,NA,NA,NA,NA,NA,NA,NA,NA,NA,NA,NA,NA,NA,NA,NA,NA,NA,NA,NA,NA,NA,NA
Togo,LIC,"1,404",38,2,4,42,4,10,NA,NA,NA,NA,Yes,Yes,No,NA,7228915,NA,NA,6400,1900,NA,NA,1109030.45,NA,NA,NA,NA,NA,NA,NA,NA,NA,NA,NA,NA,NA,1.8,NA,NA,NA,96.2,NA,2,NA,NA,NA,NA
Thailand,UMC,"16,302",65.52,3.04,1.85,4.74,7.6,17.59,0.46,0.8,NA,NA,Yes,Yes,Yes,NA,68657600,82230000,1100000,384233,3445000,37400000,53868,26853366,NA,NA,NA,6,NA,NA,NA,NA,NA,NA,NA,37,NA,NA,NA,0.4,27,53.5,NA,19.1,NA,NA,NA,NA
Tajikistan,LIC,"2,616",NA,NA,NA,NA,NA,NA,NA,NA,NA,No,Yes,Yes,Yes,NA,8177809,NA,NA,NA,NA,NA,NA,1787400,NA,NA,NA,NA,NA,NA,38.25,NA,NA,NA,NA,NA,NA,NA,NA,NA,NA,100,NA,NA,NA,NA,NA,NA
Turkmenistan,UMC,"11,471",16.18,4.64,11.44,62.54,NA,2.19,NA,3.01,NA,No,Yes,Yes,Yes,NA,5366277,NA,NA,22000,1000,32300,NA,500000,NA,NA,NA,NA,NA,NA,NA,NA,NA,NA,NA,NA,NA,NA,NA,NA,100,NA,NA,NA,NA,NA,NA,Disposal Site
Timor-Leste,LMC,"3,345",43.6,5.5,10,9.3,10.9,16.5,4.2,NA,NA,NA,Yes,Yes,Yes,NA,1268671,NA,NA,3600,NA,NA,53.66,63875,NA,NA,NA,NA,NA,NA,NA,NA,NA,NA,NA,NA,NA,NA,NA,NA,NA,NA,NA,NA,NA,NA,NA,NA
Tonga,UMC,"5,636",51.3,5.9,9,8.9,7.4,13.4,4.1,NA,NA,NA,Yes,Yes,Yes,NA,104951,NA,NA,300,NA,NA,102.23,17238.20175,NA,NA,NA,25,NA,NA,71,NA,NA,NA,NA,65,NA,NA,NA,NA,40,NA,NA,NA,NA,60,NA,NA
Trinidad and Tobago,HIC,"28,911",27.15,10.15,3.74,17.19,22.6,19.17,NA,NA,NA,Yes,Yes,Yes,Yes,Yes,1328100,NA,NA,71.07,123914.1,NA,250.753,727874,NA,NA,NA,NA,NA,NA,94.31,NA,NA,NA,NA,NA,NA,0.8,12,NA,NA,84,NA,NA,NA,3.2,NA,Disposal Site
Tunisia,LMC,"10,505",68,2,4,5,10,11,NA,NA,NA,Yes,Yes,Yes,Yes,Yes,11143908,4033000,NA,90000,150000,116000,16000,2700000,NA,NA,5,NA,NA,NA,65,NA,NA,NA,80,NA,NA,5,NA,NA,70,21,NA,4,NA,NA,NA,Disposal site
Turkey,UMC,"28,289",64,2,1,24,6,3,NA,NA,NA,NA,Yes,Yes,Yes,NA,83429616,NA,NA,623000,3432426,NA,NA,35374156,NA,NA,NA,NA,NA,NA,NA,88.12,NA,NA,NA,NA,NA,1,NA,NA,NA,44,NA,NA,54,1,NA,NA
Tuvalu,UMC,"3,793",43.6,5.5,10,9.3,10.9,16.5,4.2,NA,NA,None,Yes,Yes,None,NA,11097,NA,NA,10,NA,NA,5.72,3989.4865,NA,NA,NA,NA,NA,NA,47,NA,NA,NA,100,NA,NA,NA,NA,NA,NA,14.5,NA,15,NA,70.5,NA,NA
NA,HIC,"57,363",23.34,4.11,3.07,14.11,30.01,20.23,0.6,NA,4.43,NA,NA,Yes,Yes,NA,23434000,NA,NA,14036,NA,NA,NA,7336000,NA,NA,NA,NA,NA,NA,NA,NA,NA,NA,NA,NA,NA,NA,NA,64.2,34.8,NA,1,NA,NA,NA,NA,NA
Tanzania,LIC,"2,129",NA,NA,NA,NA,NA,NA,NA,NA,NA,NA,NA,Yes,NA,NA,49082996,NA,NA,38000,NA,NA,NA,9276995,NA,NA,NA,NA,NA,NA,NA,NA,NA,NA,NA,NA,NA,NA,NA,NA,NA,69,22.6,NA,NA,8.5,NA,NA
Uganda,LIC,"1,972",74.5,0.8,0.6,10.6,6,7.6,NA,NA,NA,NA,NA,NA,NA,NA,35093648,NA,NA,25000,NA,NA,NA,7045049.836,NA,NA,NA,NA,NA,NA,NA,37.5,NA,NA,NA,NA,NA,NA,NA,NA,NA,87,NA,6,7,NA,NA,NA
Ukraine,LMC,"11,535",37,5,4,22,25,7,NA,NA,NA,Yes,Yes,Yes,Yes,NA,45004644,8600000,1400000,277000,448000000,587000,NA,15242025,NA,NA,NA,NA,NA,NA,75.86,NA,NA,NA,NA,NA,NA,NA,NA,2.73,94.07,NA,NA,3.2,NA,NA,NA,Other
Uruguay,HIC,"20,588",53.5,3,5,7.5,20,11,NA,NA,NA,No,Yes,Yes,Yes,NA,3431552,NA,NA,37000,NA,NA,NA,1260139.509,NA,NA,NA,NA,NA,NA,98,NA,NA,NA,100,NA,NA,NA,61.7,NA,NA,17.5,NA,8,10.5,2.3,NA,NA
United States,HIC,"61,498",14.9,4.4,9,3.2,26.6,12.9,9.5,6.2,13.3,Yes,Yes,Yes,Yes,Yes,326687488,NA,534000000,2440000,28800000,7600000000,2600000,265224528,NA,NA,NA,NA,NA,NA,100,NA,NA,NA,NA,NA,NA,NA,NA,12.8,52.6,NA,NA,34.6,NA,NA,NA,NA
Uzbekistan,LMC,"5,164",40,3,2,17.5,17.5,2.5,1.5,4,NA,No,Yes,Yes,Yes,NA,29774500,NA,NA,NA,NA,NA,NA,4000000,NA,NA,NA,NA,NA,NA,NA,NA,NA,NA,NA,NA,NA,NA,NA,NA,NA,60,NA,NA,NA,40,NA,Disposal site
St. Vincent and the Grenadines,UMC,"11,972",49.6,5.6,3.8,10.5,22.1,8.4,NA,NA,NA,Yes,Yes,Yes,No,Yes,109455,NA,NA,900,NA,NA,NA,31561.34925,NA,95.4,NA,NA,NA,96.2,NA,NA,NA,97.2,NA,NA,NA,0.09,NA,NA,99.91,NA,3.6,NA,NA,NA,NA,NA
"Venezuela, RB",UMC,"14,270",NA,NA,NA,NA,NA,NA,NA,NA,NA,NA,No,Yes,NA,NA,29893080,NA,NA,232700,123157,NA,NA,9779093.14,NA,NA,NA,NA,NA,NA,100,NA,NA,NA,NA,NA,NA,NA,NA,NA,NA,NA,NA,NA,NA,NA,NA,NA
British Virgin Islands,HIC,"24,216",6.5,18.1,8.6,4.8,33.5,6.3,NA,22.2,NA,Yes,Yes,Yes,Yes,Yes,20645,NA,NA,NA,NA,NA,NA,21099.19,NA,NA,NA,NA,NA,NA,97.2,NA,NA,NA,NA,NA,NA,NA,NA,80.3,NA,NA,NA,NA,NA,19.7,NA,NA
Virgin Islands (U.S.),HIC,"30,437",46,7,7,12,15,13,NA,NA,NA,NA,Yes,Yes,Yes,NA,105784,NA,NA,NA,NA,NA,NA,146500,NA,NA,NA,NA,NA,NA,NA,NA,NA,NA,NA,NA,NA,NA,NA,NA,NA,NA,NA,NA,NA,NA,NA,NA
Vietnam,LMC,"5,089",61.9,2.18,0.58,15.18,5.2,12.15,0.6,3.74,NA,No,Yes,Yes,Yes,NA,86932496,NA,NA,141000,2995153.5,9600000,200000,9570300,NA,NA,42.5,NA,NA,NA,72,NA,NA,NA,84,NA,NA,15,NA,NA,NA,NA,NA,23,NA,62,NA,NA
Vanuatu,LMC,"3,062",73.4,5.4,3.8,5.7,4.05,6.45,1.2,NA,NA,NA,Yes,Yes,Yes,NA,270402,NA,NA,300,NA,NA,139.1,70225.489,NA,NA,NA,NA,NA,NA,12,NA,NA,NA,50,NA,NA,NA,NA,NA,NA,11.3,NA,37,NA,51.7,NA,NA
Samoa,UMC,"6,211",42.6,2.2,8.8,19.4,7.2,13,6.8,NA,NA,NA,Yes,Yes,Yes,MNRE publishes monthly environmental newsletters informing the public about solid waste activities and projects.,187665,NA,NA,500,NA,NA,36.14,27399.09,NA,NA,100,NA,NA,NA,100,NA,NA,NA,100,NA,NA,NA,31,NA,NA,NA,NA,36,NA,33,NA,NA
Kosovo,LMC,"9,724",42,6,6,20,8,11,NA,7,NA,Yes,Yes,Yes,Yes,NA,1801800,3880,217241,23,495,NA,834,319000,NA,NA,35,NA,NA,NA,39,NA,NA,NA,100,NA,NA,NA,66.43,NA,NA,33.57,NA,NA,NA,NA,NA,NA
"Yemen, Rep.",LIC,"8,270",65,1,6,6,7,10,1,3,1,No,Yes,Yes,No,NA,27584212,NA,NA,42000,21000,NA,NA,4836820,NA,NA,NA,NA,NA,NA,20,NA,NA,NA,NA,NA,NA,NA,12,NA,NA,25,NA,8,NA,47,8,Other
South Africa,UMC,"12,667",16.38165463,5.20021637,16.9104609,45.02064557,9.396918238,7.090104302,NA,NA,NA,Yes,Yes,Yes,NA,NA,51729344,NA,NA,321000,1319096,NA,NA,18457232,NA,NA,NA,NA,NA,64,NA,NA,NA,90.5,NA,NA,NA,NA,72,NA,NA,NA,NA,28,NA,NA,NA,NA
Zambia,LMC,"3,201",NA,NA,NA,NA,NA,NA,NA,NA,NA,NA,NA,Yes,NA,NA,14264756,NA,NA,15000,80000,NA,NA,2608268,NA,NA,NA,NA,NA,10,20,NA,NA,NA,NA,NA,NA,NA,NA,NA,NA,NA,NA,NA,NA,NA,NA,NA
Zimbabwe,LIC,"3,191",36,5,6,3,27,23,NA,NA,NA,NA,NA,Yes,NA,NA,12500525,NA,NA,13000,37346,NA,NA,1449752,NA,NA,NA,NA,NA,63.9,NA,NA,NA,NA,NA,NA,NA,NA,NA,NA,NA,NA,NA,16,NA,84,NA,NA
